Title,Company,Location,Type,Date Posted
1 Full-time,3 Freelance,Filter Results,More Options,More Options
1 Full-time,"Jan, 10",Check Point,"Jan, 09",1 Full-time
Headline Media,1 Full-time,"Jan, 09",1 Full-time,Wix.com
"Jan, 09",Wix.com,1 Full-time,Ilyon,2018-01-09 00:00:00
1 Full-time,"Jan, 08",AppsFlyer,"Jan, 08",1 Full-time
ArtLink,1 Full-time,"Jan, 07",4 Internship,African Refugee Development Center
"Jan, 07",African Refugee Development Center,1 Full-time,BQR,2018-01-07 00:00:00
1 Full-time,"Jan, 07",Haaretz,"Jan, 07",1 Full-time
Wix.com,1 Full-time,"Jan, 05",1 Full-time,Wix.com
"Jan, 05",Wix.com,1 Full-time,Wix.com,2018-01-05 00:00:00
1 Full-time,"Jan, 05",Wix.com,"Jan, 05",2 Part-time
Wix.com,1 Full-time,"Jan, 05",1 Full-time,Wix.com
"Jan, 05",Wix.com,1 Full-time,bob,2018-01-04 00:00:00
1 Full-time,"Jan, 04",University of Tel Aviv,"Jan, 04",2 Part-time
Freshfields Israel Focus Group,1 Full-time,"Jan, 03",1 Full-time,Amobee
"Jan, 03",WalkMe,1 Full-time,WalkMe,2018-01-03 00:00:00
1 Full-time,"Jan, 03",WalkMe,"Jan, 03",1 Full-time
WalkMe,1 Full-time,"Jan, 03",1 Full-time,SimilarWeb
"Jan, 03",SimilarWeb,1 Full-time,SimilarWeb,2018-01-03 00:00:00
1 Full-time,"Jan, 03",fiverr,"Jan, 03",1 Full-time
monday.com (formerly dapulse),1 Full-time,"Jan, 02",1 Full-time,SaferVPN
"Jan, 02",Moon Active,1 Full-time,IncrediBuild,2018-01-02 00:00:00
2 Part-time,"Jan, 02",Pareto Solutions,"Jan, 02",1 Full-time
Moon Active,1 Full-time,"Jan, 01",1 Full-time,EverCompliant
"Jan, 01",Optimove,1 Full-time,Signals Analytics,2018-01-01 00:00:00
1 Full-time,"Jan, 01",Molly Bloom's,"Jan, 01",1 Full-time
vitrina,2 Part-time,"Jan, 01",1 Full-time,Cafe Xoho
"Jan, 01",Appsee,1 Full-time,Intuit,2018-12-31 00:00:00
1 Full-time,"Dec, 29",Fortvision,"Dec, 29",1 Full-time
Verint,1 Full-time,"Dec, 28",1 Full-time,Datorama
"Dec, 28",HERE Mobility,2 Part-time,Seebo,2018-12-28 00:00:00
1 Full-time,"Dec, 28",Signals Analytics,"Dec, 28",1 Full-time
Checkmarx,1 Full-time,"Dec, 27",1 Full-time,Bidalgo
"Dec, 27",Weissbeerger,1 Full-time,Playtika,2018-12-27 00:00:00
2 Part-time,"Dec, 26",Bidalgo,"Dec, 26",1 Full-time
Moon Active,1 Full-time,"Dec, 26",2 Part-time,Verint
"Dec, 26",AppsFlyer,1 Full-time,Slidely,2018-12-25 00:00:00
1 Full-time,"Dec, 25",Fiverr,"Dec, 25",1 Full-time
Rentigo,1 Full-time,"Dec, 25",1 Full-time,dentsu AEGIS network
"Dec, 25",AppsFlyer,1 Full-time,Iridize,2018-12-25 00:00:00
1 Full-time,"Dec, 25",Verint,"Dec, 24",1 Full-time
Sygnia,1 Full-time,"Dec, 24",1 Full-time,AGT International
"Dec, 24",Sisense,1 Full-time,CrediFi,2018-12-24 00:00:00
1 Full-time,"Dec, 24",Illusive Networks,"Dec, 23",1 Full-time
British Embassy,1 Full-time,"Dec, 22",1 Full-time,Adoric
"Dec, 21",MyHeritage,1 Full-time,MyHeritage,2018-12-21 00:00:00
1 Full-time,"Dec, 21",Rapaport,"Dec, 21",1 Full-time
Credorax,1 Full-time,"Dec, 20",1 Full-time,Signals Analytics
"Dec, 20",Checkmarx,1 Full-time,ASOCS,2018-12-20 00:00:00
1 Full-time,"Dec, 20",IDC Herzliya International School,"Dec, 20",1 Full-time
RMGlobal,1 Full-time,"Dec, 19",1 Full-time,Signals Analytics
"Dec, 19",Riskified,1 Full-time,Verint,2018-12-19 00:00:00
1 Full-time,"Dec, 18",Sisense,"Dec, 18",1 Full-time
Namogoo,1 Full-time,"Dec, 18",1 Full-time,AppsFlyer
"Dec, 18",Techcode,1 Full-time,Gett,2018-12-18 00:00:00
1 Full-time,"Dec, 17",Bidalgo,"Dec, 17",1 Full-time
MAX Security,1 Full-time,"Dec, 17",1 Full-time,Executive Butlers
"Dec, 16",Beit Issie Shapiro,1 Full-time,StoreMaven,2018-12-16 00:00:00
1 Full-time,"Dec, 16",TabTale,"Dec, 15",1 Full-time
Lily and Bloom Boutique Hotel,1 Full-time,"Dec, 14",1 Full-time,Portnox
"Dec, 14",Minute Media,1 Full-time,Minute Media,2018-12-14 00:00:00
1 Full-time,"Dec, 14",Verbit,"Dec, 14",1 Full-time
Minute Media,1 Full-time,"Dec, 13",1 Full-time,Solaredge
"Dec, 13",Payoneer,1 Full-time,Payoneer,2018-12-13 00:00:00
1 Full-time,"Dec, 13",Payoneer,"Dec, 13",1 Full-time
Payoneer,1 Full-time,"Dec, 13",1 Full-time,Wibbitz
"Dec, 13",Sygnia,1 Full-time,Optibus,2018-12-13 00:00:00
2 Part-time,"Dec, 13",Playtika,"Dec, 13",1 Full-time
Secret Double Octopus,2 Part-time,"Dec, 12",1 Full-time,Gett
"Dec, 12",EverCompliant,1 Full-time,ScheduleOnce,2018-12-12 00:00:00
1 Full-time,"Dec, 12",WalkMe,"Dec, 11",1 Full-time
Mindspace,1 Full-time,"Dec, 11",1 Full-time,Cornerstone
"Dec, 11",Beer Bazaar Brewery,1 Full-time,Minute Media,2018-12-11 00:00:00
1 Full-time,"Dec, 10",Browzwear,"Dec, 10",1 Full-time
Team8,1 Full-time,"Dec, 10",1 Full-time,Signals Analytics
"Dec, 10",Sisense,2 Part-time,Medasense,2018-12-07 00:00:00
1 Full-time,"Dec, 06",Reporty,"Dec, 06",1 Full-time
Innoviz Technologies,1 Full-time,"Dec, 05",1 Full-time,WalkMe
"Dec, 05",WalkMe,2 Part-time,Applicaster,2018-12-04 00:00:00
1 Full-time,"Dec, 03",Yotpo,"Dec, 03",1 Full-time
The Times of Israel,1 Full-time,"Nov, 30",1 Full-time,Mindspace
"Nov, 30",Playtika,1 Full-time,Playtika,2018-11-29 00:00:00
1 Full-time,"Nov, 29",Checkmarx,"Nov, 29",1 Full-time
Wibbitz,1 Full-time,"Nov, 28",1 Full-time,Datorama
"Nov, 27",Panaya,1 Full-time,Sisense,2018-11-27 00:00:00
1 Full-time,"Nov, 26",Payoneer,"Nov, 26",1 Full-time
Payoneer,1 Full-time,"Nov, 26",1,…
Best Hi Tech Companies,Hi-Tech News,Best CoWorking Spaces,Israeli Job Market,Improve Your Hebrew
