Title,Company,Location,Type,Date Posted
Content Writer,Payoneer,Petach Tikva,Petach Tikva,1 Full-time,"Nov, 28"
Talent Acquisition Specialist,Datorama,Tel Aviv/ Ramat Gan,Tel Aviv/ Ramat Gan,1 Full-time,"Nov, 27"
Global Talent Acquisition,Datorama,Tel Aviv/ Ramat Gan,Tel Aviv/ Ramat Gan,1 Full-time,"Nov, 27"
Community Manager and Partnerships,Gett,Tel Aviv/ Ramat Gan,Tel Aviv/ Ramat Gan,1 Full-time,"Nov, 27"
Customer Service Team Leader,Signals Analytics,Netanya,Netanya,1 Full-time,"Nov, 27"
Receptionist,Panaya,Hod HaSharon,Hod HaSharon,1 Full-time,"Nov, 27"
Head of Content Marketing,Sisense,Tel Aviv/ Ramat Gan,Tel Aviv/ Ramat Gan,1 Full-time,"Nov, 27"
Sales Executive,Armoza Formats,Tel Aviv/ Ramat Gan,Tel Aviv/ Ramat Gan,1 Full-time,"Nov, 27"
Executive Assistant,HP Indigo,Rehovot,Rehovot,1 Full-time,"Nov, 27"
Technical Support Team Leader,Signals Analytics,Netanya,Netanya,1 Full-time,"Nov, 27"
User Acquisition Manager,Slidely,Tel Aviv/ Ramat Gan,Tel Aviv/ Ramat Gan,1 Full-time,"Nov, 27"
Marketing Analyst Team Leader,Moon Active,Tel Aviv/ Ramat Gan,Tel Aviv/ Ramat Gan,1 Full-time,"Nov, 27"
UI/UX Designer,Slidely,Tel Aviv/ Ramat Gan,Tel Aviv/ Ramat Gan,1 Full-time,"Nov, 27"
Video Content Creator,Slidely,Tel Aviv/ Ramat Gan,Tel Aviv/ Ramat Gan,1 Full-time,"Nov, 27"
Global Customer Support Representative,Juno,Tel Aviv/ Ramat Gan,Tel Aviv/ Ramat Gan,1 Full-time,"Nov, 27"
"Customer Success Manager (Ra’anana, Israel)",Namogoo,Raanana,Raanana,1 Full-time,"Nov, 26"
Facebook Campaign Manager,Pareto Solutions,Tel Aviv/ Ramat Gan,Tel Aviv/ Ramat Gan,1 Full-time,"Nov, 26"
Waiter/ Bartender,Lily and Bloom Boutique Hotel,Tel Aviv/ Ramat Gan,Tel Aviv/ Ramat Gan,1 Full-time,"Nov, 26"
Content Marketing Writer,Namogoo,Raanana,Raanana,1 Full-time,"Nov, 26"
Reconciliation Bookkeeper,Payoneer,Petach Tikva,Petach Tikva,1 Full-time,"Nov, 26"
Product Manager,Payoneer,Petach Tikva,Petach Tikva,1 Full-time,"Nov, 26"
Logistics Team Member,Payoneer,Petach Tikva,Petach Tikva,1 Full-time,"Nov, 26"
Global Bank Transfer Support Supervisor,Payoneer,Petach Tikva,Petach Tikva,1 Full-time,"Nov, 26"
Breaking News Editor,The Jerusalem Post,Tel Aviv/ Ramat Gan,Tel Aviv/ Ramat Gan,2 Part-time,"Nov, 26"
Global Bank Transfer Operation Team Member,Payoneer,Petach Tikva,Petach Tikva,1 Full-time,"Nov, 26"
Global Bank Transfer Analyst,Payoneer,Petach Tikva,Petach Tikva,1 Full-time,"Nov, 26"
Customer Care Associate,Payoneer,Petach Tikva,Petach Tikva,1 Full-time,"Nov, 26"
Customer Relationship Manager,Payoneer,Petach Tikva,Petach Tikva,1 Full-time,"Nov, 26"
English + Hebrew Speaking Customer Care Representative,eTeacher,Tel Aviv/ Ramat Gan,Tel Aviv/ Ramat Gan,1 Full-time,"Nov, 26"
SEO Specialist,monday.com (formerly dapulse),Tel Aviv/ Ramat Gan,Tel Aviv/ Ramat Gan,1 Full-time,"Nov, 26"
Online Marketing Expert,monday.com (formerly dapulse),Tel Aviv/ Ramat Gan,Tel Aviv/ Ramat Gan,1 Full-time,"Nov, 26"
Customer Success Manager,monday.com (formerly dapulse),Tel Aviv/ Ramat Gan,Tel Aviv/ Ramat Gan,1 Full-time,"Nov, 26"
Graphic Designer UX/UI,Graduway,Raanana,Raanana,1 Full-time,"Nov, 24"
Technical Support Representative,fiverr,Tel Aviv/ Ramat Gan,Tel Aviv/ Ramat Gan,1 Full-time,"Nov, 24"
App Store Optimization Manager,Ilyon,Petach Tikva,Petach Tikva,1 Full-time,"Nov, 24"
Controller,AppsFlyer,Herzliya,Herzliya,1 Full-time,"Nov, 23"
Director of Customer Success,Seebo,Tel Aviv/ Ramat Gan,Tel Aviv/ Ramat Gan,1 Full-time,"Nov, 23"
Sales Account Manager,SysAid,Airport,Airport,1 Full-time,"Nov, 23"
Regulation Specialist,Lumenis,Tel Aviv/ Ramat Gan,Tel Aviv/ Ramat Gan,1 Full-time,"Nov, 23"
Product Manager,Ilyon,Rosh HaAyin,Rosh HaAyin,1 Full-time,"Nov, 23"
Warehouse Manager,Solaredge,Herzliya,Herzliya,1 Full-time,"Nov, 23"
Head Of Design,Elementor,Tel Aviv/ Ramat Gan,Tel Aviv/ Ramat Gan,1 Full-time,"Nov, 22"
Program Manager,eyeSight,Herzliya,Herzliya,1 Full-time,"Nov, 22"
Customer Support Agent,Fundbox,Tel Aviv/ Ramat Gan,Tel Aviv/ Ramat Gan,1 Full-time,"Nov, 22"
Inbound Marketing Growth Hacker,Seebo,Tel Aviv/ Ramat Gan,Tel Aviv/ Ramat Gan,1 Full-time,"Nov, 22"
VP Sales,Seebo,Tel Aviv/ Ramat Gan,Tel Aviv/ Ramat Gan,1 Full-time,"Nov, 22"
Client Solutions Manager,Seebo,Tel Aviv/ Ramat Gan,Tel Aviv/ Ramat Gan,1 Full-time,"Nov, 22"
Junior Data Analyst,CrediFi,Modiin,Modiin,1 Full-time,"Nov, 22"
Sales Development Associate,Seebo,Tel Aviv/ Ramat Gan,Tel Aviv/ Ramat Gan,1 Full-time,"Nov, 22"
Junior Inbound Product Manager,ScheduleOnce,Tel Aviv/ Ramat Gan,Tel Aviv/ Ramat Gan,1 Full-time,"Nov, 21"
Bookkeeper,Medasense,Tel Aviv/ Ramat Gan,Tel Aviv/ Ramat Gan,2 Part-time,"Nov, 21"
Product Manager,WalkMe,Tel Aviv/ Ramat Gan,Tel Aviv/ Ramat Gan,1 Full-time,"Nov, 21"
Product Writer - French - 2442,Wix.com,Tel Aviv/ Ramat Gan,Tel Aviv/ Ramat Gan,1 Full-time,"Nov, 21"
Customer Solutions Team Leader - Russian - 2447,Wix.com,Tel Aviv/ Ramat Gan,Tel Aviv/ Ramat Gan,1 Full-time,"Nov, 21"
Content Writer,ironSource,Tel Aviv/ Ramat Gan,Tel Aviv/ Ramat Gan,1 Full-time,"Nov, 21"
Sales Executive - DACH Region,Continuity Software,Tel Aviv/ Ramat Gan,Tel Aviv/ Ramat Gan,1 Full-time,"Nov, 21"
Account Executive,Verbit,Tel Aviv/ Ramat Gan,Tel Aviv/ Ramat Gan,1 Full-time,"Nov, 21"
Technical Writer,otonomo,Herzliya,Herzliya,1 Full-time,"Nov, 20"
PA to CEO,Mindojo,Tel Aviv/ Ramat Gan,Tel Aviv/ Ramat Gan,1 Full-time,"Nov, 20"
Junior Graphic Designer – Temporary,Namogoo,Raanana,Raanana,1 Full-time,"Nov, 20"
Operations Coordinator,Keshet International,Tel Aviv/ Ramat Gan,Tel Aviv/ Ramat Gan,1 Full-time,"Nov, 20"
Technical Product Manager,Sisense,Tel Aviv/ Ramat Gan,Tel Aviv/ Ramat Gan,1 Full-time,"Nov, 19"
Sales Operations Assistant - Native English,Terrogence (a Verint Company),Netanya,Netanya,1 Full-time,"Nov, 19"
Content Manager,Breezz,Tel Aviv/ Ramat Gan,Tel Aviv/ Ramat Gan,1 Full-time,"Nov, 19"
French Speaking Customer Care,eTeacher,Tel Aviv/ Ramat Gan,Tel Aviv/ Ramat Gan,1 Full-time,"Nov, 17"
,Web & Brand Designer,fiverr,Tel Aviv/ Ramat Gan,Tel Aviv/ Ramat Gan,1 Full-time
"Nov, 17",,Strategic Partnerships Manager,Gett,Tel Aviv/ Ramat Gan,Tel Aviv/ Ramat Gan
1 Full-time,"Nov, 16",,Technical Writer,Zooz,Raanana
Raanana,1 Full-time,"Nov, 16",,Sales & Community Manager,Citizen Cafe OOlpan - TLV
Tel Aviv/ Ramat Gan,Tel Aviv/ Ramat Gan,1 Full-time,"Nov, 15",,Front Desk Agent
Shenkin Hotel,Tel Aviv/ Ramat Gan,Tel Aviv/ Ramat Gan,1 Full-time,"Nov, 15",
Bookkeeper,Ensilo,Herzliya,Herzliya,1 Full-time,"Nov, 15"
,Director of Product Management,Ensilo,Herzliya,Herzliya,1 Full-time
"Nov, 15",,Content Marketing Manager,Next Insurance,Kfar Saba,Kfar Saba
1 Full-time,"Nov, 15",,Digital Marketing Manager,Next Insurance,Kfar Saba
Kfar Saba,1 Full-time,"Nov, 15",,Academic Student Coordinator - Part-time,Interdisciplinary Center (IDC) Herzliya
Herzliya,Herzliya,2 Part-time,"Nov, 15",,Blogger and Social Media Manager for the Japanese Market - 2387
Wix.com,Tel Aviv/ Ramat Gan,Tel Aviv/ Ramat Gan,1 Full-time,"Nov, 15",
Content Writer - Design Expert for the Blogs & Social Media Team - 2407,Wix.com,Tel Aviv/ Ramat Gan,Tel Aviv/ Ramat Gan,1 Full-time,"Nov, 15"
,"English Writer (Marketing, UX Text & More!) 2300",Wix.com,Tel Aviv/ Ramat Gan,Tel Aviv/ Ramat Gan,1 Full-time
"Nov, 15",,UX Writer 2348,Wix.com,Tel Aviv/ Ramat Gan,Tel Aviv/ Ramat Gan
1 Full-time,"Nov, 15",,Customer Success Manager,Rapaport,Tel Aviv/ Ramat Gan
Tel Aviv/ Ramat Gan,1 Full-time,"Nov, 15",,Customer Solutions Team Leader - Portuguese 2241,Wix.com
Tel Aviv/ Ramat Gan,Tel Aviv/ Ramat Gan,1 Full-time,"Nov, 15",,Copywriter (Creative)
Atreo Creative,Tel Aviv/ Ramat Gan,Tel Aviv/ Ramat Gan,1 Full-time,"Nov, 14",
Technical Writer,Solaredge,Herzliya,Herzliya,1 Full-time,"Nov, 14"
,VIP Account Managers - Team Leader,Playtika,Herzliya,Herzliya,1 Full-time
"Nov, 14",,Sales Representative - Or Yehuda,MyHeritage,Airport,Airport
1 Full-time,"Nov, 14",,Graphic Designer,Optimove,Tel Aviv/ Ramat Gan
Tel Aviv/ Ramat Gan,1 Full-time,"Nov, 14",,Communications Manager,Optimove
Tel Aviv/ Ramat Gan,Tel Aviv/ Ramat Gan,1 Full-time,"Nov, 14",,Community Manager
Mindspace,Tel Aviv/ Ramat Gan,Tel Aviv/ Ramat Gan,1 Full-time,"Nov, 14",
HR Expert,Yotpo,Tel Aviv/ Ramat Gan,Tel Aviv/ Ramat Gan,1 Full-time,"Nov, 14"
,PPC Campaign Manager,Yotpo,Tel Aviv/ Ramat Gan,Tel Aviv/ Ramat Gan,1 Full-time
"Nov, 14",,News Editor,The Times of Israel,Jerusalem,Jerusalem
1 Full-time,"Nov, 14",,Senior Product Manager,Yotpo,Tel Aviv/ Ramat Gan
Tel Aviv/ Ramat Gan,1 Full-time,"Nov, 14",,Nursery Teacher for a Progressive School - TLV,The JECC
Tel Aviv/ Ramat Gan,Tel Aviv/ Ramat Gan,1 Full-time,"Nov, 13",,Native German Speaker Social Media Coordinator- Part Time/Project Base
Preen.Me,Tel Aviv/ Ramat Gan,Tel Aviv/ Ramat Gan,2 Part-time,"Nov, 13",
Real Estate Business Development Manager,Mindspace,Tel Aviv/ Ramat Gan,Tel Aviv/ Ramat Gan,1 Full-time,"Nov, 13"
,UI/UX Designer,SaferVPN,Tel Aviv/ Ramat Gan,Tel Aviv/ Ramat Gan,1 Full-time
"Nov, 13",,A Part-time Executive Administrator/PA,Magma VC,Tel Aviv/ Ramat Gan,Tel Aviv/ Ramat Gan
2 Part-time,"Nov, 13",,Digital Content Creator in Jerusalem,Masa Israel Journey,Jerusalem
Jerusalem,1 Full-time,"Nov, 12",,Sales Development Representative,Secret Double Octopus
Tel Aviv/ Ramat Gan,Tel Aviv/ Ramat Gan,1 Full-time,"Nov, 12",,Demand Gen/ Growth Marketing
Mobilize,Tel Aviv/ Ramat Gan,Tel Aviv/ Ramat Gan,1 Full-time,"Nov, 12",
PR Associate (Part-time),ArtLink,Tel Aviv/ Ramat Gan,Tel Aviv/ Ramat Gan,2 Part-time,"Nov, 12"
,Charity Coordinator/ Manager,The Friends of Daniel for Rowing Association,Tel Aviv/ Ramat Gan,Tel Aviv/ Ramat Gan,2 Part-time
"Nov, 12",,Copywriter,Playtika,Herzliya,Herzliya
1 Full-time,"Nov, 12",,Business Development Associate - English Speaker,Corernstone,Tel Aviv/ Ramat Gan
Tel Aviv/ Ramat Gan,1 Full-time,"Nov, 09",,Collections and Billings Manager,Cornerstone
Tel Aviv/ Ramat Gan,Tel Aviv/ Ramat Gan,1 Full-time,"Nov, 09",,Receptionist
The Norman,Tel Aviv/ Ramat Gan,Tel Aviv/ Ramat Gan,1 Full-time,"Nov, 09",
Junior Loans/CRE Debt Analyst,CrediFi,Modiin,Modiin,1 Full-time,"Nov, 09"
,Marketing Writer with a Tech Touch,Atreo,Tel Aviv/ Ramat Gan,Tel Aviv/ Ramat Gan,1 Full-time
"Nov, 09",,Front Desk Shift Leader,Brown TLV,Tel Aviv/ Ramat Gan,Tel Aviv/ Ramat Gan
1 Full-time,"Nov, 09",,Business Analyst,Signals Analytics,Netanya
Netanya,1 Full-time,"Nov, 09",,Enterprise Partnerships Manager,Riskified
Tel Aviv/ Ramat Gan,Tel Aviv/ Ramat Gan,1 Full-time,"Nov, 09",,Design Coordination Manager
Mindspace,Tel Aviv/ Ramat Gan,Tel Aviv/ Ramat Gan,1 Full-time,"Nov, 09",
Senior Advertising Manager,Sisense,Tel Aviv/ Ramat Gan,Tel Aviv/ Ramat Gan,1 Full-time,"Nov, 08"
,Returning Customer Acquisition,eTeacher,Tel Aviv/ Ramat Gan,Tel Aviv/ Ramat Gan,1 Full-time
"Nov, 08",,Customer Acquisition,eTeacher,Tel Aviv/ Ramat Gan,Tel Aviv/ Ramat Gan
1 Full-time,"Nov, 08",,SEO And Growth Hacker,eTeacher,Tel Aviv/ Ramat Gan
Tel Aviv/ Ramat Gan,1 Full-time,"Nov, 08",,Knowledge Base Writer - 2440,Wix.com
Tel Aviv/ Ramat Gan,Tel Aviv/ Ramat Gan,1 Full-time,"Nov, 08",,Customer Solutions Expert - English - 2434
Wix.com,Tel Aviv/ Ramat Gan,Tel Aviv/ Ramat Gan,1 Full-time,"Nov, 08",
Technical Writer,EverCompliant,Tel Aviv/ Ramat Gan,Tel Aviv/ Ramat Gan,1 Full-time,"Nov, 08"
,Customer Success Manager,EverCompliant,Tel Aviv/ Ramat Gan,Tel Aviv/ Ramat Gan,1 Full-time
"Nov, 08",,Israeli Tour Planner and Sales Assistant,Pomegranate Travel,Raanana,Raanana
1 Full-time,"Nov, 08",,Talent Acquisition Specialist,Mindspace,Tel Aviv/ Ramat Gan
Tel Aviv/ Ramat Gan,1 Full-time,"Nov, 07",,"Email Technical Support - Dutch, Scandinavian, German",MyHeritage
Airport,Airport,1 Full-time,"Nov, 07",,Creative Director
eTeacher,Tel Aviv/ Ramat Gan,Tel Aviv/ Ramat Gan,1 Full-time,"Nov, 06",
Sales Lead Development Rep,Aqua Security,Tel Aviv/ Ramat Gan,Tel Aviv/ Ramat Gan,1 Full-time,"Nov, 06"
,Personal Assistant,Rapaport,Tel Aviv/ Ramat Gan,Tel Aviv/ Ramat Gan,1 Full-time
"Nov, 06",,Product Manager,Innoviz Technologies,Raanana,Raanana
1 Full-time,"Nov, 06",,Senior User Acquisition Manager,Ilyon,Petach Tikva
Petach Tikva,1 Full-time,"Nov, 06",,Junior Sales/ Outbound SDR,Appsee
Tel Aviv/ Ramat Gan,Tel Aviv/ Ramat Gan,1 Full-time,"Nov, 05",,Junior Marketing Manager
Appsee,Tel Aviv/ Ramat Gan,Tel Aviv/ Ramat Gan,1 Full-time,"Nov, 05",
Technical Writer,Ubimo,Tel Aviv/ Ramat Gan,Tel Aviv/ Ramat Gan,1 Full-time,"Nov, 05"
,Sales Representative - Tel Aviv,MyHeritage,Tel Aviv/ Ramat Gan,Tel Aviv/ Ramat Gan,1 Full-time
"Nov, 05",,Project Manager,Mindspace,Tel Aviv/ Ramat Gan,Tel Aviv/ Ramat Gan
1 Full-time,"Nov, 05",,Strategy & Operations Analyst,CommonSense Robotics,Tel Aviv/ Ramat Gan
Tel Aviv/ Ramat Gan,1 Full-time,"Nov, 04",,Bookkeeper,Spotinst
Tel Aviv/ Ramat Gan,Tel Aviv/ Ramat Gan,1 Full-time,"Nov, 02",,Monetization Manager
Playtika,Herzliya,Herzliya,1 Full-time,"Nov, 01",
SEM Media Buyer,Playtika,Herzliya,Herzliya,1 Full-time,"Nov, 01"
,Social Media Buyer,Playtika,Herzliya,Herzliya,1 Full-time
"Nov, 01",,Marketing manager,Cymotive,Tel Aviv/ Ramat Gan,Tel Aviv/ Ramat Gan
1 Full-time,"Nov, 01",,Sales Development Representative EMEA APAC,Sisense,Tel Aviv/ Ramat Gan
Tel Aviv/ Ramat Gan,1 Full-time,"Nov, 01",,Graphic Designer,Signals Analytics
Netanya,Netanya,1 Full-time,"Nov, 01",,Web Editor / Translator
Haaretz,Tel Aviv/ Ramat Gan,Tel Aviv/ Ramat Gan,1 Full-time,"Oct, 31",
Content Writer Portuguese - Temporary - 2429,Wix.com,Tel Aviv/ Ramat Gan,Tel Aviv/ Ramat Gan,1 Full-time,"Oct, 31"
,Media Buyer,Playtika,Herzliya,Herzliya,1 Full-time
"Oct, 31",,"Director of Product Management, Emerging Products",Checkmarx,Tel Aviv/ Ramat Gan,Tel Aviv/ Ramat Gan
1 Full-time,"Oct, 30",,Marketing Designer,Guesty,Tel Aviv/ Ramat Gan
Tel Aviv/ Ramat Gan,1 Full-time,"Oct, 30",,Part-time SEO Account Manager - Portuguese - 2422,Wix.com
Tel Aviv/ Ramat Gan,Tel Aviv/ Ramat Gan,2 Part-time,"Oct, 30",,Creative Director
eTeacherGroup,Tel Aviv/ Ramat Gan,Tel Aviv/ Ramat Gan,1 Full-time,"Oct, 30",
English Speaking Sales Representative,eTeacherGroup,Tel Aviv/ Ramat Gan,Tel Aviv/ Ramat Gan,1 Full-time,"Oct, 30"
,Alliance Program Operator,Solaredge,Herzliya,Herzliya,1 Full-time
"Oct, 29",,Assistant Controller,Solaredge,Herzliya,Herzliya
1 Full-time,"Oct, 29",,Economist,Solaredge,Herzliya
Herzliya,1 Full-time,"Oct, 29",,Admin & Welfare Specialist,MyHeritage
Airport,Airport,1 Full-time,"Oct, 29",,Senior Game Designer
Tabtale,Tel Aviv/ Ramat Gan,Tel Aviv/ Ramat Gan,1 Full-time,"Oct, 23",
Waiters needed,Rak Thai,Tel Aviv/ Ramat Gan,Tel Aviv/ Ramat Gan,2 Part-time,"Oct, 23"
,Customer Success Manager (remote),ScheduleOnce,Tel Aviv/ Ramat Gan,Tel Aviv/ Ramat Gan,1 Full-time
"Oct, 22",,Brewer,Beer Bazaar Brewery,Beersheva,Beersheva
1 Full-time,"Oct, 22",,Global PR Specialist,SodaStream,Airport
Airport,1 Full-time,"Oct, 22",,Marketing Manager,prooV
Herzliya,Herzliya,1 Full-time,"Oct, 22",,Sales Advisor at COS
COS - H&M Group,Tel Aviv/ Ramat Gan,Tel Aviv/ Ramat Gan,1 Full-time,"Oct, 22",
Sales advisors at H&M,H&M,"Tel Aviv/ Ramat Gan, Raanana","Tel Aviv/ Ramat Gan, Raanana",1 Full-time,"Oct, 22"
,Content Marketing Writer,AppsFlyer,Herzliya,Herzliya,1 Full-time
"Oct, 18",,Bookkeeper,Sisense,Tel Aviv/ Ramat Gan,Tel Aviv/ Ramat Gan
1 Full-time,"Oct, 18",,Director of Inbound Marketing,Yotpo,Tel Aviv/ Ramat Gan
Tel Aviv/ Ramat Gan,1 Full-time,"Oct, 18",,Customer Support Specialist,Guesty
Tel Aviv/ Ramat Gan,Tel Aviv/ Ramat Gan,1 Full-time,"Oct, 18",,Senior Brand Designer
Yotpo,Tel Aviv/ Ramat Gan,Tel Aviv/ Ramat Gan,1 Full-time,"Oct, 18",
Marketing Operations Analyst,Yotpo,Tel Aviv/ Ramat Gan,Tel Aviv/ Ramat Gan,1 Full-time,"Oct, 18"
,Content Marketing Manager,Yotpo,Tel Aviv/ Ramat Gan,Tel Aviv/ Ramat Gan,1 Full-time
"Oct, 18",,Customer Success Manager,WalkMe,Tel Aviv/ Ramat Gan,Tel Aviv/ Ramat Gan
1 Full-time,"Oct, 18",,Documentation Manager,AppsFlyer,Herzliya
Herzliya,1 Full-time,"Oct, 17",,VIP Account Manager,Playtika
Herzliya,Herzliya,1 Full-time,"Oct, 17",,Product Manager - Data Team
Datorama,Tel Aviv/ Ramat Gan,Tel Aviv/ Ramat Gan,1 Full-time,"Oct, 17",
Legal Counsel,Mindspace,Tel Aviv/ Ramat Gan,Tel Aviv/ Ramat Gan,1 Full-time,"Oct, 16"
,Lead Designer/Art Director,Slidely,Tel Aviv/ Ramat Gan,Tel Aviv/ Ramat Gan,1 Full-time
"Oct, 16",,VP Partnerships,Twiggle,Tel Aviv/ Ramat Gan,Tel Aviv/ Ramat Gan
1 Full-time,"Oct, 15",,Account Executive,Oktopost,Tel Aviv/ Ramat Gan
Tel Aviv/ Ramat Gan,1 Full-time,"Oct, 15",,Business Operation Manager,AppsFlyer
Herzliya,Herzliya,1 Full-time,"Oct, 15",,Enterprise Customer Success Manager
Sisense,Tel Aviv/ Ramat Gan,Tel Aviv/ Ramat Gan,1 Full-time,"Oct, 15",
Part Time Fraud Analyst,Riskified,Tel Aviv/ Ramat Gan,Tel Aviv/ Ramat Gan,2 Part-time,"Oct, 15"
,Product Manager,Perimeterx,Tel Aviv/ Ramat Gan,Tel Aviv/ Ramat Gan,1 Full-time
"Oct, 15",,Account Executive,Guesty,Tel Aviv/ Ramat Gan,Tel Aviv/ Ramat Gan
1 Full-time,"Oct, 15",,Senior UX/UI Designer,Wibbitz,Tel Aviv/ Ramat Gan
Tel Aviv/ Ramat Gan,1 Full-time,"Oct, 15",,Motion Designer (Part-Time),Wibbitz
Tel Aviv/ Ramat Gan,Tel Aviv/ Ramat Gan,2 Part-time,"Oct, 15",,After Effects Expert
Wibbitz,Tel Aviv/ Ramat Gan,Tel Aviv/ Ramat Gan,1 Full-time,"Oct, 15",
Account Management Team Leader,Riskified,Tel Aviv/ Ramat Gan,Tel Aviv/ Ramat Gan,1 Full-time,"Oct, 15"
,Recruiter,Comeet,Tel Aviv/ Ramat Gan,Tel Aviv/ Ramat Gan,1 Full-time
"Oct, 15",,Gett Together Sales Executive,Gett,Tel Aviv/ Ramat Gan,Tel Aviv/ Ramat Gan
1 Full-time,"Oct, 15",,Technical Account Manager,Riskified,Tel Aviv/ Ramat Gan
Tel Aviv/ Ramat Gan,1 Full-time,"Oct, 15",,Customer Success Manager - US Clients,Comeet
Tel Aviv/ Ramat Gan,Tel Aviv/ Ramat Gan,1 Full-time,"Oct, 15",,Design Associate
Mindspace,Tel Aviv/ Ramat Gan,Tel Aviv/ Ramat Gan,1 Full-time,"Oct, 15",
Customer Engagement Manager - Russian Speaker,AppsFlyer,Herzliya,Herzliya,1 Full-time,"Oct, 15"
,Customer Engagement Manager - Chinese Speaker,AppsFlyer,Herzliya,Herzliya,1 Full-time
"Oct, 15",,Visual Designer,Clicktale,Tel Aviv/ Ramat Gan,Tel Aviv/ Ramat Gan
1 Full-time,"Oct, 15",,Customer Success Manager - Chinese Speaker,AppsFlyer,Herzliya
Herzliya,1 Full-time,"Oct, 15",,Product Specialist,Guesty
Tel Aviv/ Ramat Gan,Tel Aviv/ Ramat Gan,1 Full-time,"Oct, 15",,Inside Sales Representative - French or German
Kenshoo,Tel Aviv/ Ramat Gan,Tel Aviv/ Ramat Gan,1 Full-time,"Oct, 15",
Product Designer,Riskified,Tel Aviv/ Ramat Gan,Tel Aviv/ Ramat Gan,1 Full-time,"Oct, 15"
,Customer Success Manager,Guesty,Tel Aviv/ Ramat Gan,Tel Aviv/ Ramat Gan,1 Full-time
"Oct, 15",,Senior Product Manager - Web Analytics,AppsFlyer,Herzliya,Herzliya
1 Full-time,"Oct, 15",,HR Business Partner,Playtika,Herzliya
Herzliya,1 Full-time,"Oct, 15",,1,…
,,Best Hi Tech Companies,Upcoming Hi-Tech Meetups,Hi-Tech News,Best Universities and Colleges
Best CoWorking Spaces,Israeli Job Market,Improve Your Hebrew,,Email notifications will be sent to you,
"Your personalized RSS Feed is below, copy the address to your RSS reader."
